{
  "generated_at": "2026-07-12T14:42:51Z",
  "params": {
    "fast": 16,
    "slow": 26,
    "signal": 12,
    "fee_pct": 0.15,
    "signal_freshness_days": 0,
    "freshness_label": "hari ini"
  },
  "bullish": [
    {
      "pair": "BANKUSDT",
      "timeframe": "1 Day",
      "last_signal_type": "BUY",
      "days_since_last_signal": 0.0,
      "n_trades": 7,
      "win_rate": 14.285714285714285,
      "total_return_pct": -48.68162951673373,
      "max_dd_pct": -54.092025709534674,
      "calmar": -0.8999779334970022,
      "bh_return": -23.94106813996316
    },
    {
      "pair": "MMTUSDT",
      "timeframe": "1 Day",
      "last_signal_type": "BUY",
      "days_since_last_signal": 0.0,
      "n_trades": 6,
      "win_rate": 33.33333333333333,
      "total_return_pct": -7.054017863735352,
      "max_dd_pct": -19.753568054285566,
      "calmar": -0.357100947249121,
      "bh_return": -93.12878787878788
    }
  ],
  "bearish": [
    {
      "pair": "EIGENUSDT",
      "timeframe": "1 Day",
      "last_signal_type": "SELL",
      "days_since_last_signal": 0.0,
      "n_trades": 18,
      "win_rate": 33.33333333333333,
      "total_return_pct": -89.02293055561314,
      "max_dd_pct": -91.2725514165605,
      "calmar": -0.9753527120034119,
      "bh_return": -94.3683030152006
    },
    {
      "pair": "HMSTRUSDT",
      "timeframe": "1 Day",
      "last_signal_type": "SELL",
      "days_since_last_signal": 0.0,
      "n_trades": 21,
      "win_rate": 28.57142857142857,
      "total_return_pct": -61.540829155745534,
      "max_dd_pct": -77.27779193154299,
      "calmar": -0.7963585348072815,
      "bh_return": -96.89676425269646
    },
    {
      "pair": "TRUMPUSDT",
      "timeframe": "1 Day",
      "last_signal_type": "SELL",
      "days_since_last_signal": 0.0,
      "n_trades": 17,
      "win_rate": 17.647058823529413,
      "total_return_pct": -93.70076873433621,
      "max_dd_pct": -93.70076873433621,
      "calmar": -1.0,
      "bh_return": -96.59139784946237
    }
  ]
}
